<?xml version="1.0" encoding="UTF-8"?><?xml-stylesheet type='text/xsl' href='_UpgradeReport_Files/UpgradeReport.xslt'?><UpgradeLog>
<Properties><Property Name="Solution" Value="ShapeControl">
</Property><Property Name="Solution File" Value="C:\Users\kokwah_yang\Downloads\ShapeControl_CodeProject\ShapeControl.sln">
</Property><Property Name="Date" Value="Monday, April 21, 2014">
</Property><Property Name="Time" Value="12:58 PM">
</Property></Properties><Event ErrorLevel="0" Project="" Source="ShapeControl.sln" Description="File successfully backed up as C:\Users\kokwah_yang\Downloads\ShapeControl_CodeProject\Backup\ShapeControl.sln">
</Event><Event ErrorLevel="0" Project="ShapeControl" Source="ShapeControl.csproj" Description="Project file successfully backed up as C:\Users\kokwah_yang\Downloads\ShapeControl_CodeProject\Backup\ShapeControl.csproj">
</Event><Event ErrorLevel="0" Project="ShapeControl" Source="ShapeControl.csproj.user" Description="Project user file successfully backed up as C:\Users\kokwah_yang\Downloads\ShapeControl_CodeProject\Backup\ShapeControl.csproj.user">
</Event><Event ErrorLevel="0" Project="ShapeControl" Source="AssemblyInfo.cs" Description="File successfully backed up as C:\Users\kokwah_yang\Downloads\ShapeControl_CodeProject\Backup\AssemblyInfo.cs">
</Event><Event ErrorLevel="0" Project="ShapeControl" Source="ColorEditor.cs" Description="File successfully backed up as C:\Users\kokwah_yang\Downloads\ShapeControl_CodeProject\Backup\ColorEditor.cs">
</Event><Event ErrorLevel="0" Project="ShapeControl" Source="ShapeControl.cs" Description="File successfully backed up as C:\Users\kokwah_yang\Downloads\ShapeControl_CodeProject\Backup\ShapeControl.cs">
</Event><Event ErrorLevel="0" Project="ShapeControl" Source="ShapeTypeEditor.cs" Description="File successfully backed up as C:\Users\kokwah_yang\Downloads\ShapeControl_CodeProject\Backup\ShapeTypeEditor.cs">
</Event><Event ErrorLevel="0" Project="ShapeControl" Source="ColorEditor.resx" Description="File successfully backed up as C:\Users\kokwah_yang\Downloads\ShapeControl_CodeProject\Backup\ColorEditor.resx">
</Event><Event ErrorLevel="0" Project="ShapeControl" Source="ShapeControl.bmp" Description="File successfully backed up as C:\Users\kokwah_yang\Downloads\ShapeControl_CodeProject\Backup\ShapeControl.bmp">
</Event><Event ErrorLevel="0" Project="ShapeControl" Source="ShapeControl.resx" Description="File successfully backed up as C:\Users\kokwah_yang\Downloads\ShapeControl_CodeProject\Backup\ShapeControl.resx">
</Event><Event ErrorLevel="0" Project="ShapeControl" Source="ShapeTypeEditor.resx" Description="File successfully backed up as C:\Users\kokwah_yang\Downloads\ShapeControl_CodeProject\Backup\ShapeTypeEditor.resx">
</Event><Event ErrorLevel="0" Project="ShapeControl" Source="ShapeControl.csproj" Description="Project converted successfully">
</Event><Event ErrorLevel="3" Project="ShapeControl" Source="ShapeControl.csproj" Description="Converted">
</Event><Event ErrorLevel="0" Project="TestShapeControl" Source="TestShapeControl\TestShapeControl.csproj" Description="Project file successfully backed up as C:\Users\kokwah_yang\Downloads\ShapeControl_CodeProject\Backup\TestShapeControl\TestShapeControl.csproj">
</Event><Event ErrorLevel="0" Project="TestShapeControl" Source="TestShapeControl\TestShapeControl.csproj.user" Description="Project user file successfully backed up as C:\Users\kokwah_yang\Downloads\ShapeControl_CodeProject\Backup\TestShapeControl\TestShapeControl.csproj.user">
</Event><Event ErrorLevel="0" Project="TestShapeControl" Source="TestShapeControl\AssemblyInfo.cs" Description="File successfully backed up as C:\Users\kokwah_yang\Downloads\ShapeControl_CodeProject\Backup\TestShapeControl\AssemblyInfo.cs">
</Event><Event ErrorLevel="0" Project="TestShapeControl" Source="TestShapeControl\Form1.cs" Description="File successfully backed up as C:\Users\kokwah_yang\Downloads\ShapeControl_CodeProject\Backup\TestShapeControl\Form1.cs">
</Event><Event ErrorLevel="0" Project="TestShapeControl" Source="TestShapeControl\App.ico" Description="File successfully backed up as C:\Users\kokwah_yang\Downloads\ShapeControl_CodeProject\Backup\TestShapeControl\App.ico">
</Event><Event ErrorLevel="0" Project="TestShapeControl" Source="TestShapeControl\Form1.resx" Description="File successfully backed up as C:\Users\kokwah_yang\Downloads\ShapeControl_CodeProject\Backup\TestShapeControl\Form1.resx">
</Event><Event ErrorLevel="0" Project="TestShapeControl" Source="TestShapeControl\TestShapeControl.csproj" Description="Project converted successfully">
</Event><Event ErrorLevel="3" Project="TestShapeControl" Source="TestShapeControl\TestShapeControl.csproj" Description="Converted">
</Event><Event ErrorLevel="0" Project="" Source="ShapeControl.sln" Description="Solution converted successfully">
</Event><Event ErrorLevel="3" Project="" Source="ShapeControl.sln" Description="Converted">
</Event><Event ErrorLevel="0" Project="ShapeControl" Source="ShapeControl.csproj" Description="Scan complete: Upgrade not required for project files.">
</Event><Event ErrorLevel="0" Project="TestShapeControl" Source="TestShapeControl\TestShapeControl.csproj" Description="Scan complete: Upgrade not required for project files.">
</Event></UpgradeLog>